{
    "type": "origins:active_self",
    "entity_action": {
        "type": "origins:and",
        "actions": [{
                "type": "origins:execute_command",
                "command": "/execute at @s run function tera:flame",
                "permission_level": 4
            },
            {
                "type": "origins:execute_command",
                "command": "/execute at @e[distance=0..8,tag=!fire_drake] run setblock ~ ~ ~ fire keep",
                "permission_level": 4
            }
        ]
    },
    "key": {
        "key": "key.origins.primary_active"
    },
    "hud_render": {
        "should_render": true,
		"sprite_location": "origins:textures/gui/community/spiderkolo/resource_bar_01.png",
		"bar_index": 23
    },
    "cooldown": 2400,
    "name": "Burst Aura",
    "description": "[Primary] Shoot a ring of fire around you dealing damage to everything it touches"
}