{
    "type": "origins:stacking_status_effect",
    "min_stacks": -20,
    "max_stacks": 361,
    "duration_per_stack": 10,
    "effects": [
        {
            "effect": "minecraft:slowness",
            "is_ambient": true,
            "show_particles": false,
            "show_icon": true
        }
    ],
    "condition": {
        "type": "origins:block_collision",
        "offset_x": 0,
        "offset_y": 1,
        "offset_z": 0
    },
    "name": "Restricted Air",
    "description": "Being restricted to tight spaces slows your body."
}
