{
	"type": "origins:target_action_on_hit",
	"entity_action": {
		"type": "origins:execute_command",
		"command": "/power grant @s tera:frozen",
		"permission_level": 4
	},
	"cooldown": 520,
	"hud_render": {
		"should_render": true,
		"sprite_location": "origins:textures/gui/community/spiderkolo/resource_bar_02.png",
		"bar_index": 8
	},
	"damage_condition": {
		"type": "origins:and",
		"conditions": [
			{
				"type": "origins:attacker",
				"entity_condition": {
					"type": "origins:and",
					"conditions": [
					{
						"type": "origins:fall_distance",
						"comparison": ">",
						"compare_to": 0
					},
					{
						"type": "origins:status_effect",
						"effect": "minecraft:slowness",
						"min_amplifier": 0,
						"max_amplifier": 2147483647,
						"min_duration": 0,
						"max_duration": 2147483647,
						"inverted": true
					}
					]
				}
			},
			{
				"type": "origins:projectile",
				"inverted": true
			}
		]
		
	},
	"target_condition": {
		"type": "origins:and",
		"conditions": [
			{
				"type": "origins:command",
				"command": "/execute if entity @s[type=#minecraft:freeze_immune_entity_types]",
				"comparison": "==",
				"compare_to": 1,
				"inverted": true
			},
			{
				"type": "origins:command",
				"command": "/execute if data entity @s {ArmorItems:[{id:'minecraft:leather_boots',Count:1b},{id:'minecraft:leather_leggings',Count:1b},{id:'minecraft:leather_chestplate',Count:1b},{id:'minecraft:leather_helmet',Count:1b}]}",
				"comparison": "==",
				"compare_to": 1,
				"inverted": true
			},
			{
				"type": "origins:command",
				"command": "/execute if data entity @s {Type:snow}",
				"comparison": "==",
				"compare_to": 1,
				"inverted": true
			}
		]
	},
	"condition": {
		"type": "origins:status_effect",
		"effect": "minecraft:slowness",
		"min_amplifier": 0,
		"max_amplifier": 2147483647,
		"min_duration": 0,
		"max_duration": 2147483647,
		"inverted": true
	},
	"name": "Freezing touch",
	"description": "When you deal critical damage, your touch freezes the target for 5 seconds. If the target is resistant to fire, it takes 2 hearts from it."
}