{
    "type": "origins:action_over_time",
    "entity_action": {
        "type": "origins:apply_effect",
	"effect": {
		"effect": "minecraft:regeneration",
		"duration": 40,
		"amplifier": 0
	}
    },
    "interval": 20,
    "condition": {
	"type": "origins:in_block",
	"block_condition": {
		"type": "origins:and",
		"conditions": [
				{
					"type": "origins:block",
					"block": "minecraft:powder_snow"
				},
				{
					"type": "origins:offset",
					"y": 1,
					"condition": {
						"type": "origins:block",
						"block": "minecraft:powder_snow"
					}
				}
			]
		}
	},
	"name": "Frost Regeneration",
	"description": "You do not take damage from Powder Snow and gain Regeneration when you are in it."
}