{
	"type": "origins:multiple",
	"active": {
		"type": "origins:action_on_callback",
		"entity_action_added": {
			"type": "origins:execute_command",
			"command": "/power grant @s tera:frozen_active",
			"permission_level": 4
		},
		"condition": {
			"type": "origins:entity_type",
			"entity_type": "minecraft:player"
		}
	},
	"finish_player": {
		"type": "origins:action_over_time",
		"interval": 1,
		"entity_action": {
			"type": "origins:if_else",
			"condition": {
				"type": "origins:resource",
				"resource": "tera:frozen_active",
				"comparison": "==",
				"compare_to": 0
			},
			"if_action": {
				"type": "origins:and",
				"actions": [
					{
						"type": "origins:execute_command",
						"command": "/power remove @s tera:frozen",
						"permission_level": 4
					},
					{
						"type": "origins:execute_command",
						"command": "/power remove @s tera:frozen_active",
						"permission_level": 4
					}
				]
			},
			"else_action": {
				"type": "origins:change_resource",
				"resource": "tera:frozen_active",
				"change": -1
			}
		},
		"condition": {
			"type": "origins:entity_type",
			"entity_type": "minecraft:player"
		}
	},
	"finish_entity": {
		"type": "origins:action_on_callback",
		"entity_action_added": {
			"type": "origins:delay",
			"ticks": 80,
			"action": {
				"type": "origins:execute_command",
				"command": "/power remove @s tera:frozen",
				"permission_level": 4
			}
		},
		"condition": {
			"type": "origins:entity_type",
			"entity_type": "minecraft:player",
			"inverted": true
		}
	},
	"do_harm_normal": {
		"type": "origins:action_over_time",
		"interval": 20,
		"entity_action": {
			"type": "origins:damage",
			"amount": 1,
			"source": {
				"name": "freeze"
			}
		},
		"condition": {
			"type": "origins:or",
			"conditions": [
				{
					"type": "origins:power",
					"power": "origins:fire_immunity"
				},
				{
					"type": "origins:command",
					"command": "/execute if entity @s[type=#minecraft:freeze_immune_entity_types]",
					"comparison": "==",
					"compare_to": 1
				},
				{
					"type": "origins:command",
					"command": "/execute if data entity @s {Type:snow}",
					"comparison": "==",
					"compare_to": 1
				},
				{
					"type": "origins:entity_type",
					"entity_type": "minecraft:blaze"
				},
				{
					"type": "origins:entity_type",
					"entity_type": "minecraft:magma_cube"
				},
				{
					"type": "origins:entity_type",
					"entity_type": "minecraft:ghast"
				},
				{
					"type": "origins:entity_type",
					"entity_type": "minecraft:strider"
				}
			],
			"inverted": true
		}
	},
	"do_harm_fire": {
		"type": "origins:action_on_callback",
		"entity_action_added": {
			"type": "origins:if_else",
			"condition": {
				"type": "origins:or",
				"conditions": [
					{
						"type": "origins:and",
						"conditions": [
							{
								"type": "origins:power",
								"power": "origins:fire_immunity"
							},
							{
								"type": "origins:and",
								"conditions": [
									{
										"type": "origins:equipped_item",
										"equipment_slot": "head",
										"item_condition": {
											"type": "origins:ingredient",
											"ingredient": {
												"item": "minecraft:leather_helmet"
											}
										}
									},
									{
										"type": "origins:equipped_item",
										"equipment_slot": "chest",
										"item_condition": {
											"type": "origins:ingredient",
											"ingredient": {
												"item": "minecraft:leather_chestplate"
											}
										}
									},
									{
										"type": "origins:equipped_item",
										"equipment_slot": "legs",
										"item_condition": {
											"type": "origins:ingredient",
											"ingredient": {
												"item": "minecraft:leather_leggings"
											}
										}
									},
									{
										"type": "origins:equipped_item",
										"equipment_slot": "feet",
										"item_condition": {
											"type": "origins:ingredient",
											"ingredient": {
												"item": "minecraft:leather_boots"
											}
										}
									}
								],
								"inverted": true
							}
						]
					},
					{
						"type": "origins:entity_type",
						"entity_type": "minecraft:blaze"
					},
					{
						"type": "origins:entity_type",
						"entity_type": "minecraft:magma_cube"
					},
					{
						"type": "origins:entity_type",
						"entity_type": "minecraft:ghast"
					},
					{
						"type": "origins:entity_type",
						"entity_type": "minecraft:strider"
					}
				]
			},
			"if_action": {
				"type": "origins:damage",
				"amount": 7,
				"source": {
					"name": "freeze"
				}
			}
		}
	},
	"immobility": {
		"type": "origins:action_over_time",
		"interval": 1,
		"entity_action": {
			"type": "origins:and",
			"actions": [
				{
					"type": "origins:if_else",
					"condition": {
						"type": "origins:entity_type",
						"entity_type": "minecraft:player"
					},
					"if_action": {
						"type": "origins:apply_effect",
						"effect": {
							"effect": "minecraft:jump_boost",
							"duration": 10,
							"amplifier": 0,
							"is_ambient": true,
							"show_particles": false,
							"show_icon": false
						}
					}
				},
				{
					"type": "origins:apply_effect",
					"effect": {
						"effect": "minecraft:slowness",
						"duration": 10,
						"amplifier": 19,
						"is_ambient": true,
						"show_particles": false,
						"show_icon": false
					}
				}
			]
		},
		"condition": {
			"type": "origins:or",
			"conditions": [
				{
					"type": "origins:power",
					"power": "origins:fire_immunity"
				},
				{
					"type": "origins:command",
					"command": "/execute if entity @s[type=#minecraft:freeze_immune_entity_types]",
					"comparison": "==",
					"compare_to": 1
				},
				{
					"type": "origins:command",
					"command": "/execute if data entity @s {Type:snow}",
					"comparison": "==",
					"compare_to": 1
				},
				{
					"type": "origins:entity_type",
					"entity_type": "minecraft:blaze"
				},
				{
					"type": "origins:entity_type",
					"entity_type": "minecraft:magma_cube"
				},
				{
					"type": "origins:entity_type",
					"entity_type": "minecraft:ghast"
				},
				{
					"type": "origins:entity_type",
					"entity_type": "minecraft:strider"
				}
			],
			"inverted": true
		}
	},
	"extinguish": {
		"type": "origins:action_on_callback",
		"entity_action_added": {
			"type": "origins:if_else",
			"condition": {
				"type": "origins:on_fire"
			},
			"if_action": {
				"type": "origins:extinguish"
			}
		}
	},
	"visual_effect": {
		"type": "origins:action_on_callback",
		"entity_action_added": {
			"type": "origins:and",
			"actions": [
				{
					"type": "origins:execute_command",
					"command": "/particle minecraft:snowflake ~ ~1 ~ 0 0.125 0 0.1 100 force",
					"permission_level": 4
				},
				{
					"type": "origins:execute_command",
					"command": "/playsound minecraft:entity.zombie_villager.cure ambient @a[distance=0..20] ~ ~ ~ 1 2",
					"permission_level": 4
				}
			]
		},
		"condition": {
			"type": "origins:or",
			"conditions": [
				{
					"type": "origins:origin",
					"origin": "tera:rimelin"
				},
				{
					"type": "origins:power",
					"power": "origins:fire_immunity"
				},
				{
					"type": "origins:command",
					"command": "/execute if entity @s[type=#minecraft:freeze_immune_entity_types]",
					"comparison": "==",
					"compare_to": 1
				},
				{
					"type": "origins:command",
					"command": "/execute if data entity @s {Type:snow}",
					"comparison": "==",
					"compare_to": 1
				},
				{
					"type": "origins:entity_type",
					"entity_type": "minecraft:blaze"
				},
				{
					"type": "origins:entity_type",
					"entity_type": "minecraft:magma_cube"
				},
				{
					"type": "origins:entity_type",
					"entity_type": "minecraft:ghast"
				},
				{
					"type": "origins:entity_type",
					"entity_type": "minecraft:strider"
				}
			],
			"inverted": true
		}
	},
	"blue_skin": {
		"type": "origins:model_color",
		"red": 0.5,
		"green": 0.8,
		"blue": 1,
		"condition": {
			"type": "origins:or",
			"conditions": [
				{
					"type": "origins:origin",
					"origin": "tera:rimelin"
				},
				{
					"type": "origins:power",
					"power": "origins:fire_immunity"
				},
				{
					"type": "origins:command",
					"command": "/execute if entity @s[type=#minecraft:freeze_immune_entity_types]",
					"comparison": "==",
					"compare_to": 1
				},
				{
					"type": "origins:command",
					"command": "/execute if data entity @s {Type:snow}",
					"comparison": "==",
					"compare_to": 1
				},
				{
					"type": "origins:entity_type",
					"entity_type": "minecraft:blaze"
				},
				{
					"type": "origins:entity_type",
					"entity_type": "minecraft:magma_cube"
				},
				{
					"type": "origins:entity_type",
					"entity_type": "minecraft:ghast"
				},
				{
					"type": "origins:entity_type",
					"entity_type": "minecraft:strider"
				}
			],
			"inverted": true
		}
	},
	"shaking": {
		"type": "origins:shaking",
		"condition": {
			"type": "origins:or",
			"conditions": [
				{
					"type": "origins:origin",
					"origin": "tera:rimelin"
				},
				{
					"type": "origins:power",
					"power": "origins:fire_immunity"
				},
				{
					"type": "origins:command",
					"command": "/execute if entity @s[type=#minecraft:freeze_immune_entity_types]",
					"comparison": "==",
					"compare_to": 1
				},
				{
					"type": "origins:command",
					"command": "/execute if data entity @s {Type:snow}",
					"comparison": "==",
					"compare_to": 1
				},
				{
					"type": "origins:entity_type",
					"entity_type": "minecraft:blaze"
				},
				{
					"type": "origins:entity_type",
					"entity_type": "minecraft:magma_cube"
				},
				{
					"type": "origins:entity_type",
					"entity_type": "minecraft:ghast"
				},
				{
					"type": "origins:entity_type",
					"entity_type": "minecraft:strider"
				}
			],
			"inverted": true
		}
	},
	"if_immune": {
		"type": "origins:action_on_callback",
		"entity_action_added": {
			"type": "origins:if_else",
			"condition": {
				"type": "origins:or",
				"conditions": [
					{
						"type": "origins:origin",
						"origin": "tera:rimelin"
					},
					{
						"type": "origins:and",
						"conditions": [
							{
								"type": "origins:equipped_item",
								"equipment_slot": "head",
								"item_condition": {
									"type": "origins:ingredient",
									"ingredient": {
										"item": "minecraft:leather_helmet"
									}
								}
							},
							{
								"type": "origins:equipped_item",
								"equipment_slot": "chest",
								"item_condition": {
									"type": "origins:ingredient",
									"ingredient": {
										"item": "minecraft:leather_chestplate"
									}
								}
							},
							{
								"type": "origins:equipped_item",
								"equipment_slot": "legs",
								"item_condition": {
									"type": "origins:ingredient",
									"ingredient": {
										"item": "minecraft:leather_leggings"
									}
								}
							},
							{
								"type": "origins:equipped_item",
								"equipment_slot": "feet",
								"item_condition": {
									"type": "origins:ingredient",
									"ingredient": {
										"item": "minecraft:leather_boots"
									}
								}
							}
						]
					}
				]
			},
			"if_action": {
				"type": "origins:and",
				"actions": [
					{
						"type": "origins:execute_command",
						"command": "/power remove @s tera:frozen",
						"permission_level": 4
					},
					{
						"type": "origins:execute_command",
						"command": "/power remove @s tera:frozen_active",
						"permission_level": 4
					}
				]
			}
		}
	},
	"if_on_fire": {
		"type": "origins:action_over_time",
		"interval": 10,
		"entity_action": {
			"type": "origins:and",
			"actions": [
				{
					"type": "origins:execute_command",
					"command": "/power remove @s tera:frozen",
					"permission_level": 4
				},
				{
					"type": "origins:execute_command",
					"command": "/power remove @s tera:frozen_active",
					"permission_level": 4
				}
			]
		},
		"condition": {
			"type": "origins:on_fire"
		}
	},
	"hidden": true
}