{
    "type": "origins:active_self",
    "entity_action": {
        "type": "origins:apply_effect",
    "effect": {
        "effect": "minecraft:slowness",
        "duration": 160,
        "amplifier": 9
    }
    },
    "cooldown": 6000,
	"hud_render":
	{
		"should_render": true,
	    "sprite_location": "origins:textures/gui/community/spiderkolo/resource_bar_01.png",
	    "bar_index": 16
	},
	"key": "key.origins.secondary_active",

	"name": "Immediate Density",
	"description": "Your body immediately hardens and you become immobile for a few seconds"
}