{
    "type": "origins:action_on_hit",
    "bientity_action": {
        "type": "origins:target_action",
        "action": {
        "type": "origins:execute_command",
        "command": "summon minecraft:lightning_bolt ~ ~ ~",
        "permission_level": 4
        }
    },
    "cooldown": 1200,
    "hud_render": {
        "should_render": true,
        "bar_index": 2
    },
    "name": "Lightning Strike",
    "description": "You are able to summon Lightning on hit every 1 minute"
}