{
    "name": "Blastproof",
    "description": "Literally on god fr.",
    "type": "origins:modify_damage_taken",
    "damage_condition": {
        "type": "origins:or",
        "conditions": [
            {
                "type": "origins:name",
                "name": "explosion"
            },
            {
                "type": "origins:name",
                "name": "explosion.player"
            },
            {
                "type": "origins:name",
                "name": "badRespawnPoint"
            }
        ]
    },
    "modifier": {
        "operation": "multiply_total",
        "value": -1
    }
}