{
    "name": "On kill happenings.",
    "description": "The uh the uh full heal strength 1 on kill gottem.",
    "type": "origins:multiple",
    "full_heal":{
        "type": "origins:self_action_on_kill",
        "entity_action": {
            "type": "origins:heal",
            "amount": 40.0
        },
        "cooldown": 1,
        "hud_render": {
            "should_render": false
        },
        "target_condition": {
            "type": "origins:entity_type",
            "entity_type": "minecraft:player"
        }
    },
    "strength":{
        "type": "origins:self_action_on_kill",
        "entity_action": {
            "type": "origins:apply_effect",
            "effect": {
                "effect": "minecraft:strength",
                "duration": 400,
                "amplifier": 0
            }
        },
        "cooldown": 1,
        "hud_render": {
            "should_render": false
        },
        "target_condition": {
            "type": "origins:entity_type",
            "entity_type": "minecraft:player"
        }
    }
}