{
    "type": "origins:target_action_on_hit",
    "entity_action": {
        "type": "origins:apply_effect",
        "effect": {
            "effect": "minecraft:poison",
            "amplifier": 0,
            "duration": 80
        }
    },
    "cooldown": 140,
    "hud_render": {
        "should_render": true,
		"sprite_location":"origins:textures/gui/community/spiderkolo/resource_bar_02.png",
        "bar_index": 20
    },
	"name": "Poisoned Touch",
	"description": "You inflict an annoying poison to the enemy you hit."
}