{
	"type": "origins:active_self",
	"name": "Extraction",
	"description": "You can turn some of your §amass§r into §aslimeballs§r §o(primary ability key)§r",
	"entity_action": {
		"type": "origins:and",
		"actions": [
			{
				"type": "origins:change_resource",
				"resource": "tera:massbar",
				"change": -20
			},
			{
				"type": "origins:give",
				"stack": {
					"item": "minecraft:slime_block"
				}
			}
		]
	},
	"condition": {
		"type": "origins:resource",
		"resource": "tera:massbar",
		"comparison": ">=",
		"compare_to": 10
	},
	"key": {
		"key": "key.origins.primary_active",
		"continuous": true
	},
	"cooldown": 20,
	"hud_render": {
		"should_render": false,
		"sprite_location": "origins:textures/gui/community/spiderkolo/resource_bar_02.png",
		"bar_index": 10
	}
}