{
	"type": "origins:action_on_land",
	"interval": 1,
	"entity_action": {
		"type": "origins:if_else",
		"condition": {
			"type": "origins:or",
			"conditions": [
				{
					"type": "origins:on_block",
					"block_condition": {
						"type": "origins:in_tag",
						"tag": "minecraft:snow"
					}
				},
				{
					"type": "origins:in_block",
					"block_condition": {
						"type": "origins:block",
						"block": "minecraft:snow"
					}
				}
			]
		},
		"if_action": {
			"type": "origins:set_fall_distance",
			"fall_distance": 0
		}
	},
	"name": "Snow Dampen",
	"description": "Falling on snow prevents you from taking fall damage."
}