{ 
    "name": "Spontaneous combustion",
    "description": "\"MY PIZZA\"- Mellow 2022",
    "type": "origins:active_self",
    "entity_action":{
        "type": "origins:if_else",
        "condition":{
            "type": "origins:resource",
            "resource": "tera:start_boom_resource",
            "comparison": "==",
            "compare_to": 4
        },
        "if_action": {
            "type": "origins:and",
            "actions": [
                {
            "type": "origins:change_resource",
            "resource": "tera:start_boom_resource",
            "change": 0,
            "operation": "set"
                },
                {
                    "type": "origins:execute_command",
                    "command": "summon minecraft:creeper ~ ~ ~ {powered:1,Fuse:0,ExplosionRadius:6,ignited:1,CustomName:'[{\"text\":\"GET FUCKED\"}]'}",
                    "permission_level": 4
                }
            ]
        },
        "else_action": {
            "type": "origins:change_resource",
            "resource": "tera:start_boom_resource",
            "change": 1,
            "operation": "set"
        }
    },
    "cooldown": 80,
    "hud_render": {
        "should_render": false
    }
}