{
    "name": "Wall Stick",
    "description": "You can stick to walls and slowly slide down on them. You also always stick to ceilings, but if you crouch, you fall off.",
    "type": "origins:multiple",
    "particles": {
        "type": "origins:action_over_time",
        "interval": 2,
        "entity_action": {
            "type": "origins:execute_command",
            "command": "particle minecraft:item_slime ~ ~0.1 ~",
            "permission_level": 4
        },
        "condition": {
            "type": "origins:or",
            "conditions": [
                {
                    "type": "origins:block_collision",
                    "offset_x": 0.2,
                    "offset_y": 0.1,
                    "offset_z": 0
                },
                {
                    "type": "origins:block_collision",
                    "offset_x": 0,
                    "offset_y": 0.1,
                    "offset_z": 0.2
                },
                {
                    "type": "origins:block_collision",
                    "offset_x": -0.2,
                    "offset_y": 0.1,
                    "offset_z": 0
                },
                {
                    "type": "origins:block_collision",
                    "offset_x": 0,
                    "offset_y": 0.1,
                    "offset_z": -0.2
                }
            ]
        }
    },
    "sticktowalls": {
        "type": "origins:modify_falling",
        "velocity": 0.004,
        "take_fall_damage": false,
        "condition": {
            "type": "origins:or",
            "conditions": [
                {
                    "type": "origins:block_collision",
                    "offset_x": 0.2,
                    "offset_y": 0.1,
                    "offset_z": 0
                },
                {
                    "type": "origins:block_collision",
                    "offset_x": 0,
                    "offset_y": 0.1,
                    "offset_z": 0.2
                },
                {
                    "type": "origins:block_collision",
                    "offset_x": -0.2,
                    "offset_y": 0.1,
                    "offset_z": 0
                },
                {
                    "type": "origins:block_collision",
                    "offset_x": 0,
                    "offset_y": 0.1,
                    "offset_z": -0.2
                }
            ]
        }
    },
    "sticktoceilings": {
        "type": "origins:action_over_time",
        "interval": 1,
        "entity_action": {
            "type": "origins:apply_effect",
            "effect": {
                "effect": "minecraft:levitation",
                "duration": 8,
                "amplifier": 0,
                "show_particles": false
            }
        },
        "condition": {
            "type": "origins:and",
            "conditions": [
                {
                    "type": "origins:block_collision",
                    "offset_x": 0,
                    "offset_y": 0.119999,
                    "offset_z": 0
                },
                {
                    "type": "origins:sneaking",
                    "inverted": true
                }
            ]
        }
    },
    "head_affinity":{
        "type": "origins:modify_break_speed",
        "modifier": {
            "operation": "multiply_base",
            "value": 5
        },
        "condition":{
            "type": "origins:and",
            "conditions": [{
            "type": "origins:status_effect",
            "effect": "minecraft:levitation"
            },
            {
    "type": "origins:equipped_item",
    "equipment_slot": "head",
    "item_condition": {
        "type": "origins:enchantment",
        "enchantment": "minecraft:aqua_affinity",
        "comparison": ">=",
        "compare_to": 1
    }
            }
        ]
        }
    }
}