{
    "type": "origins:stacking_status_effect",
        "min_stacks": 0,
        "max_stacks": 1,
        "duration_per_stack": 20,
        "effect": {
            "effect": "minecraft:invisibility",
            "duration": 100,
            "amplifier": 3,
            "is_ambient": true,
            "show_particles": false,
            "show_icon": false
        },
        "condition": {
                "type": "origins:and",
                "conditions": [
                  {
                    "type": "origins:submerged_in",
                    "fluid": "minecraft:water"
                  },
                  {      
                    "type": "origins:sneaking"
                  }
                ]
        },
        "name": "Acid Armor",
        "description": "If you hold down the sneak key while submerged in water, you become completely invisible."
}