{
	"powers": [
                "tera:energy",
		        "tera:gust",
				"origins:slow_falling",
				"origins:tailwind",
				"tera:windblast",
				"origins:like_air",
				"origins:vegetarian",
				"tera:high",
				"origins:claustrophobia",
				"tera:tripleshot",
				"tera:windblasttwo",
				"tera:egg",
				"tera:netherite_bad",
				"tera:windpooofs"
				
	],
	"icon": "minecraft:feather",
	"impact": 3,
        "order": 1,
	"name": "Aerser",
	"description": "A being lighter than air, their bones comprised of lightweight material not well-studied."
}
