{
	"powers": [
                "origins:fire_immunity",
                "tera:obsidianskin",
				"tera:blastproof",
				"tera:swim_speed",
                "tera:idone",
                "tera:idtwo",
				"tera:instability",
				"tera:singultint",
                "tera:singulenergy",
				"tera:shieldless",
				"tera:bulky",
                "tera:shunned",
				"tera:netherite_bad",
                "tera:pick_stone",
				"tera:pick_iron",
				"tera:pick_gold",
				"tera:pick_dia",
				"tera:pick_netherite"
	],
	"icon": "minecraft:crying_obsidian",
	"impact": 3,
        "order": 3,
	"name": "Ebongnaut",
	"description": "Descendants of the ...?, tanky creatures able to survive most anything."
}
