{
	"powers": [
                "tera:bouncy",
				"tera:slimefall",
                "tera:liquid",
                "tera:reconstruction",
                "tera:sticky",
				"tera:slimy_skin",
				"tera:megajump",
				"tera:foodslimeball",
				"tera:slimeballs",
				"tera:iframe",
				"tera:massbar",
				"tera:massregen",
				"tera:water",
				"tera:slimeregrowth",
				"tera:waterabsorber",
                "tera:green",
				"tera:dehydration",
				"tera:netherite_bad",
				"tera:gelatinous"
	],
	"icon": "minecraft:slime_block",
	"impact": 3,
        "order": 5,
	"name": "Oozlian",
	"description": "Jiggling, bouncing and usually lively creatures made of sentient ooze, they can live in most all environments."
}
