{
	"powers": [
	"tera:particle",
	"tera:speed",
	"tera:weather_buff",
	"tera:lightning_immunity",
	"origins:like_air",
        "origins:tailwind",
	"tera:storm_speed",
	"tera:light",
	"tera:lightningstrike",
        "tera:fly",
        "tera:sense",
        "tera:thorns_dmg",
        "tera:storm_strength",
		"tera:hunger",
	    "tera:sleep",
		"tera:bad_swimmer",
		"tera:water_weakness",
		"tera:netherite_bad",
        "tera:weak_point"
	],
	"icon": "minecraft:horn_coral",
	"order": 6,
	"impact": 3,
	"name": "Psarlian",
	"description": "This extraordinary creature has the rare power to manipulate storms to it's will and uses them vigorously."
}