{
	"powers": [
                "origins:aqua_affinity",
		        "origins:aqua_affinity_underwater",
				"origins:aqua_affinity_undergrounded",
                "origins:swim_speed",
				"origins:like_water",
				"origins:water_vision",
                "tera:amphibious",
				"tera:waterinvis",
				"tera:riptide",
				"tera:evaporate",
                "tera:freezing",
				"tera:netherite_bad",
                "tera:freezingtwo"
	],
	"icon": "valley:glow_kelp_block",
	"impact": 3,
        "order": 2,
	"name": "Aquesian",
	"description": "Made of pure water and transparent skin, this origin excels under the water but cannot last in snow biomes."
}