{
	"powers": [
		"tera:snowy_sprinter",
		"tera:snowy_sprinter_resource",
		"tera:chilly_person",
		"tera:powder_snow_sprinter",
		"tera:powder_snow_sprinter_two",
		"tera:powder_snow_sprinter_three",
		"tera:freeze_damage",
		"tera:freeze_regen",
		"tera:frosty_gust",
		"tera:frost_walker",
		"tera:frost_walker_two",
		"tera:frost_walker_activate",
		"tera:freezing_touch",
		"tera:snow_damper",
		"tera:icespikes",
		"tera:snowball_damage",
		"tera:resource",
		"tera:harvest_snow",
		"tera:ice_and_snow_breaking",
		"tera:snowflakes_particles",
		"tera:fire_damage",
		"tera:netherite_bad",
		"tera:cold_nap"
	],
	"icon": "architects_palette:polished_packed_ice",
	"impact": 3,
        "order": 8,
        "name": "Rimelin",
        "description": "A monster covered in wool from head to toe. Their appendages covered in ice and their eyes rimed with frost."
}