{
	"powers": [
				"tera:effectimmunity",
                "tera:healingspores",
                "tera:poisonbomb",
				"tera:photosynthesis",
				"tera:poisontouch",
				"tera:blast_resistant",
				"tera:shroomparticles",
                "tera:boom",
				"tera:netherite_bad",
				"origins:more_exhaustion"
	],
	"icon": "minecraft:red_mushroom_block",
	"impact": 3,
        "order": 9,
	"name": "Shungal",
	"description": "Spore beings that choose to infect people with their annoying poisons."
}