{
    "type": "origins:stacking_status_effect",
        "min_stacks": 0,
        "max_stacks": 10,
        "duration_per_stack": 20,
        "effect": {
            "effect": "minecraft:water_breathing",
            "duration": 100,
            "amplifier": 1,
            "is_ambient": true,
            "show_particles": false,
            "show_icon": false
        },
        "condition": {
            "type": "origins:submerged_in",
            "fluid":"minecraft:water"
        },
        "name": "Amphibious",
        "description": "You can breathe both on water and on land"
}