{
    
    "hidden": false,
    "name": "Freezing",
    "description": "As you are made of water if you get to cold you will freeze solid unless you keep yourself warm",
    "type": "origins:multiple",
        "freezing": {
    "type": "origins:damage_over_time",
    "interval": 40,
    "damage": 1,
    "protection_effectiveness": 0,
    "onset_delay": 1,
    "damage_easy": 1,
    "damage_source": {
        "bypasses_armor": true,
        "fire": false,
        "unblockable": true,
        "magic": false,
        "out_of_world": false,
        "name": "freeze"
    },
    "condition": {
        "type": "origins:resource",
        "resource": "tera:freezing_resource",
        "comparison": "<=",
        "compare_to": 0
    }
},
"freezing_two":{
        "type": "origins:stacking_status_effect",
        "condition": {
        "type": "origins:resource",
        "resource": "tera:freezing_resource",
        "comparison": "<=",
        "compare_to": 0
        },
        "min_stacks": 1,
        "max_stacks": 600,
        "duration_per_stack": 20,
        "effects": [
            {
                "duration": 10,
                "is_ambient": false,
                "show_particles": true,
                "show_icon": true,
                "effect": "minecraft:slowness"
            }
        ]
},
"resource": {
    "type": "origins:resource",
    "min": 0,
    "max": 120,
    "inverted": true,
    "hud_render": {
        "bar_index": 0,
        "sprite_location": "origins:textures/gui/community/spiderkolo/resource_bar_03.png",
        "should_render": true,
        "condition": { 
            "type": "origins:resource",
            "resource": "tera:freezing_resource",
            "comparison": ">=",
            "compare_to": 120,
            "inverted": true
        }
    }
},
"resource_action": {
    "type": "origins:action_over_time",
    "entity_action": {
    "type": "origins:if_else",
    "condition": {
        "type": "origins:and",
        "inverted": false,
        "conditions": [
            {
                "type": "origins:biome",
                "condition": {
                    "type": "origins:temperature",
                    "comparison": "<=",
                    "compare_to": 0.3
                }
            },
            {
                "type": "origins:or",
                "inverted": true,
                "conditions": [
                    {
                        "type": "origins:on_fire",
                        "inverted": false
                    },
                    {
                        "type": "origins:equipped_item",
                        "inverted": false,
                        "equipment_slot": "offhand",
                        "item_condition": {
                            "type": "origins:or",
                            "inverted": false,
                            "conditions": [
                                {
                                    "type": "origins:ingredient",
                                    "inverted": false,
                                    "ingredient": {
                                        "item": "minecraft:lava_bucket"
                                    }
                                },
                                {
                                    "type": "origins:ingredient",
                                    "inverted": false,
                                    "ingredient": {
                                        "item": "minecraft:torch"
                                    }
                                }
                            ]
                        }
                    },
                    {
                        "type": "origins:equipped_item",
                        "inverted": false,
                        "equipment_slot": "mainhand",
                        "item_condition": {
                            "type": "origins:or",
                            "inverted": false,
                            "conditions": [
                                {
                                    "type": "origins:ingredient",
                                    "inverted": false,
                                    "ingredient": {
                                        "item": "minecraft:lava_bucket"
                                    }
                                },
                                {
                                    "type": "origins:ingredient",
                                    "inverted": false,
                                    "ingredient": {
                                        "item": "minecraft:torch"
                                    }
                                }
                            ]
                        }
                    }
                ]
            }
        ]
    },
    "if_action": {
        "type": "origins:change_resource",
        "resource": "tera:freezing_resource",
        "change": -1,
        "operation": "add"
    },
    "else_action": {
        "type": "origins:change_resource",
        "resource": "tera:freezing_resource",
        "change": 6,
        "operation": "add"
    }
    },
    "interval": 20
}
}