{
	"type": "origins:action_over_time",
	"interval": 1,
	"entity_action": {
		"type": "origins:if_else",
		"condition": {
			"type": "origins:enchantment",
			"enchantment": "minecraft:frost_walker",
			"calculation": "max",
			"comparison": ">=",
			"compare_to": 1
		},
		"if_action": {
			"type": "origins:if_else",
			"condition": {
				"type": "origins:on_block"
			},
			"if_action": {
				"type": "origins:execute_command",
				"command": "/setblock ~ ~ ~ minecraft:snow[layers=1] keep",
				"permission_level": 4
			}
		}
	},
	"condition": {
		"type": "origins:and",
		"conditions": [
			{
				"type": "origins:power_active",
				"power": "tera:frost_walker_activate"
			},
			{
				"type": "origins:and",
				"conditions": [
					{
						"type": "origins:biome",
						"condition": {
							"type": "origins:temperature",
							"comparison": ">=",
							"compare_to": 2.0
						}
					},
					{
						"type": "origins:exposed_to_sun"
					}
				],
				"inverted": true
			}
		]
	},
	"name": "Frost walker two",
	"hidden": true
}