{
    "type": "origins:multiple",
    "color": {
        "type": "origins:model_color",
        "red": 0.3,
        "green": 1,
        "blue": 0.3,
        "alpha": 0.7
    },
    "particle": {
        "type": "origins:action_on_land",
        "entity_action": {
            "type": "origins:and",
            "actions": [{
                "type": "origins:execute_command",
                "command": "/execute as @s run particle minecraft:block slime_block ~ ~ ~ 0.25 0 0.25 1 15 force @s"
            }]
        }
    },
    "hidden": true,
    "name": "Oozing",
    "description": "Your skin is globby and partially see-through"
}