{
	"type": "origins:active_self",
	"entity_action": {
		"type": "origins:and",
		"actions": [{
			"type": "origins:damage",
			"amount": 4,
			"source": {
				"name": "onFire",
				"fire": false,
				"bypasses_armor": true
				}
			},
			{
			"type": "origins:spawn_effect_cloud",
			"radius": 7.0,
			"effect": {
				"effect": "minecraft:regeneration",
				"duration": 100,
				"amplifier": 0
				}
			}]
		},
	"cooldown": 180,
	"hud_render": {
		"should_render": true,
		"sprite_location": "origins:textures/gui/community/spiderkolo/resource_bar_02.png",
		"bar_index": 9
		},
	"key": {
		"key": "key.origins.secondary_active"
		},
	"name": "Healing Spores",
	"description": "Shungal burn their spores around them in order to release healing properties for allies."
}