{
	"type": "origins:multiple",
	"ice_drop_prevent": {
		"type": "origins:modify_harvest",
		"block_condition": {
			"type": "origins:block",
			"block": "minecraft:ice"
		},
		"allow": false
	},
	"ice_breaking": {
	"type": "origins:action_on_block_break",
	"block_action": {
		"type": "origins:and",
		"actions": [
			{
				"type": "origins:set_block",
				"block": "minecraft:air"
			},
			{
				"type": "origins:execute_command",
				"command": "/summon minecraft:item ~ ~ ~ {Item:{id:'minecraft:ice',Count:1b},PickupDelay:5s}",
				"permission_level": 4
			}
		]
	},
	"block_condition": {
		"type": "origins:block",
		"block": "minecraft:ice"
	},
	"only_when_harvested": false
	},
	"packed_ice_drop_prevent": {
		"type": "origins:modify_harvest",
		"block_condition": {
			"type": "origins:block",
			"block": "minecraft:packed_ice"
		},
		"allow": false
	},
	"packed_ice_breaking": {
	"type": "origins:action_on_block_break",
	"block_action": {
		"type": "origins:and",
		"actions": [
			{
				"type": "origins:set_block",
				"block": "minecraft:air"
			},
			{
				"type": "origins:execute_command",
				"command": "/summon minecraft:item ~ ~ ~ {Item:{id:'minecraft:packed_ice',Count:1b},PickupDelay:5s}",
				"permission_level": 4
			}
		]
	},
	"block_condition": {
		"type": "origins:block",
		"block": "minecraft:packed_ice"
	},
	"only_when_harvested": false
	},
	"blue_ice_drop_prevent": {
		"type": "origins:modify_harvest",
		"block_condition": {
			"type": "origins:block",
			"block": "minecraft:blue_ice"
		},
		"allow": false
	},
	"blue_ice_breaking": {
	"type": "origins:action_on_block_break",
	"block_action": {
		"type": "origins:and",
		"actions": [
			{
				"type": "origins:set_block",
				"block": "minecraft:air"
			},
			{
				"type": "origins:execute_command",
				"command": "/summon minecraft:item ~ ~ ~ {Item:{id:'minecraft:blue_ice',Count:1b},PickupDelay:5s}",
				"permission_level": 4
			}
		]
	},
	"block_condition": {
		"type": "origins:block",
		"block": "minecraft:blue_ice"
	},
	"only_when_harvested": false
	},
	"snow_block_drop_prevent": {
		"type": "origins:modify_harvest",
		"block_condition": {
			"type": "origins:block",
			"block": "minecraft:snow_block"
		},
		"allow": false
	},
	"snow_breaking": {
	"type": "origins:action_on_block_break",
	"block_action": {
		"type": "origins:and",
		"actions": [
			{
				"type": "origins:set_block",
				"block": "minecraft:air"
			},
			{
				"type": "origins:execute_command",
				"command": "/summon minecraft:item ~ ~ ~ {Item:{id:'minecraft:snow_block',Count:1b},PickupDelay:5s}",
				"permission_level": 4
			}
		]
	},
	"block_condition": {
		"type": "origins:block",
		"block": "minecraft:snow_block"
	},
	"only_when_harvested": false
	},
	"powder_snow_breaking": {
	"type": "origins:action_on_block_break",
	"block_action": {
		"type": "origins:and",
		"actions": [
			{
				"type": "origins:set_block",
				"block": "minecraft:air"
			},
			{
				"type": "origins:execute_command",
				"command": "/summon minecraft:item ~ ~ ~ {Item:{id:'minecraft:snowball',Count:3b},PickupDelay:5s}",
				"permission_level": 4
			}
		]
	},
	"block_condition": {
		"type": "origins:block",
		"block": "minecraft:powder_snow"
	},
	"only_when_harvested": false
	},
	"powder_snow_recipe": {
		"type": "origins:recipe",
		"recipe": {
			"type": "minecraft:crafting_shapeless",
			"id": "origins:powder_snow_bucket",
			"ingredients": [
				{
					"item": "minecraft:bucket"
				},
				{
					"item": "minecraft:snowball"
				},
				{
					"item": "minecraft:snowball"
				},
				{
					"item": "minecraft:snowball"
				}
			],
			"result": {
				"item": "minecraft:powder_snow_bucket",
				"count": 1
			}
		}
	},
	"hidden": true
}