{
	"type": "origins:modify_damage_taken",
	"name": "Mined",
	"description": "Due to you being a stone, you were meant to be mined. Therefore, pickaxe deals extra damage to you.",
	"damage_condition": {
		"type": "origins:attacker",
		"inverted": false,
		"entity_condition": {
			"type": "origins:equipped_item",
			"inverted": false,
			"equipment_slot": "mainhand",
			"item_condition": {
				"type": "origins:ingredient",
				"inverted": false,
				"ingredient": {
					"item": "diamond_pickaxe"
				}
			}
		}
	},
	"modifier": {
		"operation": "multiply_base",
		"value": 1.3
	}
}