{
	"type": "origins:active_self",
	"hidden": false,
	"name": "Slime absorption",
	"description": "You can absorb §aslimeballs§r to get some §amass§r §o(right-click)§r",
	"entity_action": {
		"type": "origins:and",
		"actions": [
			{
				"type": "origins:change_resource",
				"resource": "tera:massbar",
				"change": 1.6
			},
			{
				"type": "origins:equipped_item_action",
				"equipment_slot": "mainhand",
				"action": {
					"type": "origins:consume",
					"amount": 1
				}
			}
		]
	},
	"condition": {
		"type": "origins:equipped_item",
		"equipment_slot": "mainhand",
		"item_condition": {
			"type": "origins:ingredient",
			"ingredient": {
				"item": "minecraft:slime_ball"
			}
		}
	},
	"key": {
		"key": "key.use",
		"continuous": true
	},
	"cooldown": 5,
	"hud_render": {
		"should_render": true,
		"sprite_location": "origins:textures/gui/community/spiderkolo/resource_bar_02.png",
		"bar_index": 10
	}
}