{
    "hidden": true,
    "type": "origins:multiple",
    "resource": {
        "type": "origins:resource",
        "min": 0,
        "max": 4,
        "hud_render": {
            "should_render": true,
            "sprite_location": "origins:textures/gui/resource_bar.png",
            "bar_index": 0,
            "condition": {
                "type": "origins:resource",
                "resource": "tera:start_boom_resource",
                "comparison": ">=",
                "compare_to": 1
            }
        }
    },
    "checker": {
        "type": "origins:action_over_time",
        "entity_action": {
            "type": "origins:change_resource",
            "resource": "tera:start_boom_resource",
            "operation": "add",
            "change": 1
        },
        "interval": 20,
        "condition": {
            "type": "origins:resource",
            "resource": "tera:start_boom_resource",
            "compare_to": 1,
            "comparison": ">="
        }
    },
    "shaking":{
        "type": "origins:shaking",
        "condition": {
            "type": "origins:resource",
            "resource": "tera:start_boom_resource",
            "compare_to": 4,
            "comparison": "=="
        }
    }
}