{
	"type": "origins:active_self",
	"entity_action": {
		"type": "origins:execute_command",
		"command": "execute run function tera:wall",
		"permission_level": 4
	},
        "condition": {
        "type": "origins:equipped_item",
        "equipment_slot": "mainhand",
        "item_condition": {
            "type": "origins:ingredient",
            "ingredient":{
            "tag": "tera:natural_stone"
            }
          }
      },

	"cooldown": 3500,
        "hud_render": {
       	 	"should_render": true,
        	"bar_index": 17,
        	"sprite_location": "origins:textures/gui/community/spiderkolo/resource_bar_01.png"
    	},
	"name": "Stone Barrier",
	"description": "Using your secondary you surround yourself with stone to entrap foes or create a barrier between you and enemies.",
	"key": {
		"key": "key.origins.secondary_active"
	}
}