{
     "type": "origins:stacking_status_effect",
    "condition": {
        "type": "origins:in_rain",
        "inverted": false
    },
    "effects": [
   
        {
            "duration": 8000,
            "is_ambient": false,
            "show_particles": false,
            "show_icon": false,
            "amplifier": 0,
            "effect": "minecraft:speed"
        }
    ],
    "description": "You contain so much energy electricity comes off dealing damage to anyone that touches you.",
    "name": "Aura of Lightning",
    "min_stacks": 0,
    "max_stacks": 100,
    "duration_per_stack": 1
   }