{
    "name": "Blastproof",
    "description": "Explosions deal greatly reduced damage to you.",
    "type": "origins:modify_damage_taken",
    "damage_condition": {
        "type": "origins:or",
        "conditions": [
            {
                "type": "origins:name",
                "name": "explosion"
            },
            {
                "type": "origins:name",
                "name": "explosion.player"
            },
            {
                "type": "origins:name",
                "name": "badRespawnPoint"
            }
        ]
    },
    "modifier": {
        "operation": "multiply_base",
        "value": -1.0
    }
}