{
  "type": "origins:phasing",
  "blacklist": true,
  "render_type": "blindness",
  "view_distance": 10,
  "block_condition": {
    "type": "origins:in_tag",
    "tag": "tera:sand",
	"inverted": true
  },
  "phase_down_condition": {
    "type": "origins:and",
    "conditions": [
      {
        "type": "origins:sneaking"
      },
      {
        "type": "origins:on_block"
      }
    ]
  },
  "condition": {
    "type": "origins:power_active",
    "power": "tera:sandize"
  },
  "name": "Burrowing",
  "description": "You can burrow through sands and other pourous minerals as a passive trait."
}