{
    "name": "Energy",
    "description": "You only have so much energy.",
    "hidden": true,
    "type": "origins:multiple",
    "resource": {
        "type": "origins:resource",
        "min": 0,
        "max": 18,
        "hud_render": {
            "should_render": true,
            "sprite_location": "origins:textures/gui/community/spiderkolo/resource_bar_points_01.png",
            "bar_index": 3
        }
    },
    "death": {
        "type": "origins:action_on_callback",
        "entity_action_chosen": {
            "type": "origins:change_resource",
            "resource": "*:energy_resource",
            "change": -18,
            "operation": "add"
        },
        "execute_chosen_when_orb": true,
        "entity_action_respawned": {
            "type": "origins:change_resource",
            "resource": "*:energy_resource",
            "change": -18,
            "operation": "add"
        }
    },
    "energy_over_time": {
        "condition": {
            "type": "origins:on_block"
        },
        "type": "origins:action_over_time",
        "interval": 20,
        "entity_action": {
            "type": "origins:change_resource",
            "resource": "*:energy_resource",
            "change": 2,
            "operation": "add"
        }
    }
}