{
    "type": "origins:active_self",
	"entity_action": {
		"type": "origins:and",
		"actions": [
			{
			"type": "origins:block_action_at",
			"block_action": {
				"type": "origins:offset",
				"y": -1,
				"action": {
					"type": "origins:choice",
					"actions": [
						{
							"element": {
								"type": "origins:set_block",
								"block": "minecraft:stone"
							},
							"weight": 70
						},
						{
							"element": {
								"type": "origins:set_block",
								"block": "minecraft:stone"
							},
							"weight": 15
						},
						{
							"element": {
								"type": "origins:set_block",
								"block": "minecraft:stone"
							},
							"weight": 14
						},
						{
							"element": {
								"type": "origins:set_block",
								"block": "minecraft:stone"
							},
							"weight": 1
						}
					]
				}
			}
			},
			{
				"type": "origins:feed",
				"food": -2,
				"saturation": 0
			}
		]
	},
	"condition": {
		"type": "origins:and",
		"conditions": [
			{
				"type": "origins:on_block",
				"block_condition": {
					"type": "origins:block",
					"block": "minecraft:iron_ore"
				}
			},
            {
				"type": "origins:on_block",
				"block_condition": {
					"type": "origins:block",
					"block": "minecraft:gold_ore"
				}
			},
			{
				"type": "origins:on_block",
				"block_condition": {
					"type": "origins:block",
					"block": "minecraft:copper_ore"
				}
			},
			{
				"type": "origins:food_level",
				"comparison": ">=",
				"compare_to": 2
			},
			{
				"type": "origins:execute_command",
				"command": "give @p minecraft:raw_iron ~ ~ ~ 1"
			}
		]
	},
	"key": {
		"key": "key.place"
	},
    "cooldown": 20,
    "hud_render": {
        "should_render": false
    },
	"name": "Extract",
	"description": "Using your open hand, using food you are able to extract ore from stone."
}