{
	"type": "origins:active_self",
	"entity_action": {
		"type": "origins:and",
		"actions": [
			{
				"type": "origins:execute_command",
				"command": "/particle minecraft:cloud ~ ~ ~ .125 .125 .125 2 100 force",
				"permission_level": 4
			},
			{
				"type": "origins:execute_command",
				"command": "/particle minecraft:snowflake ~ ~ ~ .125 .125 .125 2 500 force",
				"permission_level": 4
			},
			{
				"type": "origins:execute_command",
				"command": "/particle minecraft:end_rod ~ ~ ~ .125 .125 .125 2 1000 force",
				"permission_level": 4
			},
			{
				"type": "origins:execute_command",
				"command": "/power grant @e[distance=1..16,type=!#minecraft:freeze_immune_entity_types,nbt=!{Type:snow},nbt=!{ArmorItems:[{id:'minecraft:leather_boots',Count:1b},{id:'minecraft:leather_leggings',Count:1b},{id:'minecraft:leather_chestplate',Count:1b},{id:'minecraft:leather_helmet',Count:1b}]}] tera:frozen",
				"permission_level": 4
			},
			{
				"type": "origins:execute_command",
				"command": "/playsound minecraft:entity.blaze.shoot block @a[distance=0..20] ~ ~ ~ 1 2",
				"permission_level": 4
			},
			{
				"type": "origins:execute_command",
				"command": "/playsound minecraft:entity.wither.shoot block @a[distance=0..20] ~ ~ ~ 1 0.5",
				"permission_level": 4
			},
			{
				"type": "origins:execute_command",
				"command": "/fill ~-10 ~-1 ~-10 ~10 ~-1 ~10 minecraft:frosted_ice replace minecraft:water[level=0]",
				"permission_level": 4
			},
			{
				"type": "origins:execute_command",
				"command": "/fill ~-10 ~-10 ~-10 ~10 ~10 ~10 minecraft:air replace minecraft:fire",
				"permission_level": 4
			},
			{
				"type": "origins:execute_command",
				"command": "/fill ~-10 ~-10 ~-10 ~10 ~10 ~10 minecraft:air replace minecraft:soul_fire",
				"permission_level": 4
			},
			{
				"type": "origins:execute_command",
				"command": "/fill ~-10 ~-10 ~-10 ~10 ~10 ~10 minecraft:campfire[lit=false] replace minecraft:campfire",
				"permission_level": 4
			},
			{
				"type": "origins:execute_command",
				"command": "/fill ~-10 ~-10 ~-10 ~10 ~10 ~10 minecraft:soul_campfire[lit=false] replace minecraft:soul_campfire",
				"permission_level": 4
			}
		]
	},
	"cooldown": 820,
	"hud_render": {
		"should_render": true,
		"bar_index": 5
	},
	"key": {
		"key": "key.origins.primary_active"
	},
	"condition": {
		"type": "origins:or",
		"conditions": [
			{
				"type": "origins:status_effect",
				"effect": "minecraft:slowness",
				"min_amplifier": 0
			},
			{
				"type": "origins:in_block",
				"block_condition": {
					"type": "origins:block",
					"block": "minecraft:water"
				}
			}
		],
		"inverted": true
	},
	"name": "Frost Burst",
	"description": "Your primary ability. You can create a burst of frost around you freezing the oponents within a radius of 16 blocks for 5 seconds. You can also freeze water with it and extinguish fire."
}