{
	"condition": {
		"type": "origins:power_active",
		"power": "tera:toggle"
	},
	"type": "origins:target_action_on_hit",
	"entity_action": {
		"type": "origins:and",
		"actions": [{
				"type": "origins:apply_effect",
				"effect": {
					"effect": "minecraft:weakness",
					"amplifier": 0,
					"duration": 140
				}
			},
			{
				"type": "origins:execute_command",
				"command": "playsound minecraft:entity.silverfish.step ambient @a ~ ~ ~ 1"
			},
			{
				"type": "origins:delay",
				"ticks": 140,
				"action": {
					"type": "origins:and",
					"actions": [{
							"type": "origins:execute_command",
							"command": "playsound minecraft:block.conduit.ambient ambient @a ~ ~ ~ 1"
						},
						{
							"type": "origins:execute_command",
							"command": "particle minecraft:dripping_obsidian_tear ~ ~ ~"
						},
						{
							"type": "origins:damage",
							"amount": 1,
							"source": {
								"name": "explosion",
								"bypasses_armor": true,
								"unblockable": true
							}
						}
					]
				}
			}
		]
	},
	"cooldown": 3500,
	"hud_render": {
		"should_render": false,
		"bar_index": 5
	},
	"hidden": true
}