{
    "type": "origins:active_self",
    "entity_action": {
        "type": "origins:and",
        "actions": [{
                "type": "origins:delay",
                "ticks": 1,
                "action": {
                    "type": "origins:execute_command",
                    "command": "summon minecraft:lightning_bolt ^ ^ ^1",
                    "permission_level": 4
                }
            },
            {
                "type": "origins:delay",
                "ticks": 5,
                "action": {
                    "type": "origins:execute_command",
                    "command": "summon minecraft:lightning_bolt ^ ^ ^5",
                    "permission_level": 4
                }
            },
            {
                "type": "origins:delay",
                "ticks": 1,
                "action": {
                    "type": "origins:execute_command",
                    "command": "playsound minecraft:entity.illusioner.cast_spell master @s ~ ~ ~ 10 0.18",
                    "permission_level": 4
                }
            },
             {
                "type": "origins:delay",
                "ticks": 4,
                "action": {
                    "type": "origins:execute_command",
                    "command": "summon minecraft:lightning_bolt ^ ^ ^4",
                    "permission_level": 4
                }
            },
            {
                "type": "origins:delay",
                "ticks": 7,
                "action": {
                    "type": "origins:execute_command",
                    "command": "summon minecraft:lightning_bolt ^ ^ ^7",
                    "permission_level": 4
                }
            },
             {
                "type": "origins:delay",
                "ticks": 8,
                "action": {
                    "type": "origins:execute_command",
                    "command": "summon minecraft:lightning_bolt ^ ^ ^8",
                    "permission_level": 4
                }
            },
             {
                "type": "origins:delay",
                "ticks": 9,
                "action": {
                    "type": "origins:execute_command",
                    "command": "summon minecraft:lightning_bolt ^ ^ ^9",
                    "permission_level": 4
                }
            }, {
                "type": "origins:delay",
                "ticks": 10,
                "action": {
                    "type": "origins:execute_command",
                    "command": "summon minecraft:lightning_bolt ^ ^ ^10",
                    "permission_level": 4
                }
            },
             {
                "type": "origins:delay",
                "ticks": 3,
                "action": {
                    "type": "origins:execute_command",
                    "command": "summon minecraft:lightning_bolt ^ ^ ^3",
                    "permission_level": 4
                }
            },
             {
                "type": "origins:delay",
                "ticks": 6,
                "action": {
                    "type": "origins:execute_command",
                    "command": "summon minecraft:lightning_bolt ^ ^ ^6",
                    "permission_level": 4
                }
            },

            {
                "type": "origins:delay",
                "ticks": 2,
                "action": {
                    "type": "origins:execute_command",
                    "command": "summon minecraft:lightning_bolt ^ ^ ^2",
                    "permission_level": 4
                }
            }
        ]
    },
    "cooldown": 500,
    "hud_render": {
        "should_render": true,
        "bar_index": 2
    },
    "key": "primary",
    "name": "Lightning Strike",
    "description": "You are able to summon Lightning wherever you are looking at."
}