{
	"name": "Slip",
	"description": "You can fit through incomplete blocks.",
	"type": "origins:multiple",
	"toggle": {
		"type": "origins:toggle",
		"active_by_default": true,
		"key": {
			"key": "key.saveToolbarActivator"
		}
	},
	"phase": {
		"type": "origins:phasing",
		"render_type": "blindness",
		"view_distance": 25,
		"block_condition": {
			"type": "origins:in_tag",
			"tag": "tera:slip"
		},
		"phase_down_condition": {
			"type": "origins:sneaking"
		},
		"condition": {
			"type": "origins:power_active",
			"power": "tera:liquid_toggle"
		} 
	},
	"swim": {
		"type": "origins:swimming",
		"condition": {
			"type": "origins:in_block",
			"block_condition": {
				"type": "origins:in_tag",
				"tag": "tera:slip"
			}
		}
	},
	"sufficate": {
		"type": "origins:invulnerability",
		"damage_condition": {
			"type": "origins:name",
			"name": "inWall"
		}
	},
	"effect": {
		"type": "origins:overlay",
		"texture": "minecraft:textures/block/bone_block_top.png",
		"strength": 0.2,
		"red": 0.8,
		"green": 0.8,
		"blue": 0.8,
		"draw_mode": "texture",
		"draw_phase": "below_hud",
		"hide_with_hud": false,
		"visible_in_third_person": false,
		"condition": {
			"type": "origins:power_active",
			"power": "tera:liquid_toggle"
		}
	}
}