{
	"type": "origins:action_over_time",
	"entity_action": {
		"type": "origins:if_else",
    	"condition": {
			"type": "origins:fluid_height",
			"fluid": "minecraft:water",
			"comparison": ">=",
			"compare_to": 0.5
		},
		"if_action": {
			"type": "origins:change_resource",
			"resource": "tera:massbar",
			"change": 5
		},
		"else_action": {
			"type": "origins:change_resource",
			"resource": "tera:massbar",
			"change": 1
		}
	},
	"condition": {
		"type": "origins:resource",
		"resource": "tera:iframe",
		"comparison": "==",
		"compare_to": 0
	},
	"interval": 20,
	"name": "Regrowth",
	"description": "You regenerate your mass overtime, and you regenerate faster in water."
}