{
	"type": "origins:active_self",
	"entity_action": {
  "type": "origins:spawn_effect_cloud",
  "radius": 12.0,
  "wait_time": 0,
  "effect": {
    "effect": "minecraft:poison",
    "amplifier": 0,
    "duration": 240
  }
},

	"cooldown": 3500,
	"hud_render": {
		"should_render": true,
		"sprite_location": "origins:textures/gui/community/huang/resource_bar_02.png",
		"bar_index": 2
	},
	"key": {
        "key": "key.origins.primary_active",
        "continuous": false
		},
			
	"hidden": false,
	"name": "Spore bomb",
	"description": "Summons a cloud of poison around yourself by pressing the secondary key."
}