{
	"type": "origins:conditioned_attribute",
	"modifier": {
		"attribute": "minecraft:generic.movement_speed",
        "operation": "multiply_base",
        "value": 8.2
	},
	"tick_rate": 1,
	"condition": {
		"type": "origins:and",
		"conditions": [
			{
				"type": "origins:in_block",
				"block_condition": {
					"type": "origins:block",
					"block": "minecraft:powder_snow"
				}
			},
			{
				"type": "origins:on_block",
				"block_condition": {
					"type": "origins:in_tag",
					"tag": "minecraft:ice"
				}
			}
		]
	},
	"hidden": true
}