{
    "type": "origins:active_self",
    "entity_action": {
        "type": "origins:add_velocity",
        "z": 1.5,
        "space": "local"
    },
    "cooldown": 80,
    "hud_render":{
        "should_render": true,
        "bar_index": 1
    },
    "condition": {    
      "type": "origins:submerged_in",
      "fluid": "water"
    },
    "name": "Riptide",
    "key": "secondary",
    "description": "While submered under water you can press your secondary key to proppel you forwards."
    }