{
    "type": "origins:prevent_entity_use",
    "name": "Shunned",
    "description": "Your origins reputation precedes you, for whatever reason you cannot trade with villagers",
    "bientity_action": {
        "type": "origins:actor_action",
        "action": {
            "type": "origins:execute_command",
            "command": "title @s actionbar {\"text\": \"The Villagers turn away.\", \"color\": \"red\"}"
        }
    },
    "bientity_condition": {
        "type": "origins:target_condition",
        "condition": {
            "type": "origins:entity_type",
            "entity_type": "minecraft:villager"
        }
    }
}
