{
	"powers": [
                "origins:climbing",
				"tera:camouflage",
                "tera:poison",
				"tera:burrow",
				"tera:claylungs",
				"origins:hotblooded",
				"tera:claws",
				"tera:sand_claws",
				"tera:injectone",
				"tera:injecttwo",
				"tera:injectthree",
				"tera:injectfour",
                "tera:poison_particles",
				"tera:courseirritation",
                "tera:toggle",
				"tera:sandize",
				"origins:water_vulnerability",
				"tera:netherite_bad",
				"tera:fire_damage"
	],
	"icon": "minecraft:sand",
	"impact": 3,
        "order": 4,
	"name": "Khamiel",
	"description": "Scorpid-like races that thrive in desert lands. The sands thrive under their claw and their sting are potent and powerful."
}
