{
	"powers": [
                "origins:fire_immunity",
				"origins:burning_wrath",
				"tera:fireball",
                "tera:flame_body",
				"tera:lavaborne",
				"tera:burstaura",
				"origins:flame_particles",
                "tera:cinder_fed",
				"tera:netherite_bad",
				"tera:watervuln"
	],
	"icon": "minecraft:magma_block",
	"impact": 3,
        "order": 7,
	"name": "Pyrezyte",
	"description": "Lizard-like creatures composed of fire, their bodies radiate heat and are constantly licking flames from every tip of their claws."
}