{
	"powers": [
	    "origins:strong_arms",
		"origins:strong_arms_break_speed",
	    "tera:stone_create",
        "tera:stoney_skin",
		"tera:earthglide",
        "tera:respiration",
        "tera:sink",
        "tera:claustrophile",
		"tera:netherite_bad",
		"tera:foodiron",
		"tera:foodgold",
		"tera:foodcopper",
        "tera:pick_stone",
		"tera:pick_iron",
		"tera:pick_gold",
		"tera:pick_dia",
		"tera:pick_netherite"
	],
	"icon": "minecraft:raw_iron_block",
	"order": 10,
    "impact": 3,
	"name": "Xornen",
	"description": "You are one with the earth, living amongst the caves and darkness."
}
